Workbook

Sheet Por Resolver
A1: Gestión Avanzada de Proveedores (SRM) — Clustering: Segmentación de Proveedores (K-Means)
A3: Centroide | B3: Nombre del Clúster | C3: Estrategia Recomendada | H3: N_Precio | I3: N_Tiempo | J3: N_Calidad | K3: N_Volumen | L3: N_Distancia | M3: N_Riesgo
A4: Centroide 1 | B4: Socios Estratégicos | C4: Relación colaborativa de largo plazo, contratos estratégicos, desarrollo conjunto y aseguramiento de disponibilidad. | H4: 62 | I4: 5 | J4: 97 | K4: 620000 | L4: 150 | M4: 2
A5: Centroide 2 | B5: Transaccionales / Bajo Costo | C5: Gestión por precio y eficiencia: e-procurement, licitaciones periódicas y mantener varias opciones para negociar. | H5: 42 | I5: 19 | J5: 70 | K5: 70000 | L5: 320 | M5: 7
A7: Proveedor | B7: Precio Prom. ($/u) | C7: Tiempo de Entrega (días) | D7: Nivel de Calidad (%) | E7: Volumen de Compra Anual ($) | F7: Distancia al CD (km) | G7: Riesgo Financiero (1-10) | H7: N_Precio | I7: N_Tiempo | J7: N_Calidad | K7: N_Volumen | L7: N_Distancia | M7: N_Riesgo | N7: Dist. a Centroide 1 | O7: Dist. a Centroide 2 | P7: Clúster Asignado | Q7: Nombre del Clúster | R7: Estrategia Recomendada
A8: Acero Andino S.A. | B8: 62 | C8: 5 | D8: 97 | E8: 620000 | F8: 150 | G8: 2 | N8: =+SQRT(($H$4-B8)^2+(C8-$I$4)^2+(D8-$J$4)^2+(E8-$K$4)^2+($L$4-F8)^2+(G8-$M$4)^2) -> 0 | O8: =+SQRT(($H$5-B8)^2+(C8-$I$5)^2+(D8-$J$5)^2+(E8-$K$5)^2+($L$5-F8)^2+(G8-$M$5)^2) -> 550000.03 | P8: =+MIN(N8:O8) -> 0 | Q8: =+IF(P8=N8,"Cluster 1","Cluster 2") -> Cluster 1
A9: Textiles del Valle | B9: 28 | C9: 10 | D9: 85 | E9: 220000 | F9: 550 | G9: 4 | N9: =+SQRT(($H$4-B9)^2+(C9-$I$4)^2+(D9-$J$4)^2+(E9-$K$4)^2+($L$4-F9)^2+(G9-$M$4)^2) -> 400000.2 | O9: =+SQRT(($H$5-B9)^2+(C9-$I$5)^2+(D9-$J$5)^2+(E9-$K$5)^2+($L$5-F9)^2+(G9-$M$5)^2) -> 150000.18 | P9: =+MIN(N9:O9) -> 150000.18 | Q9: =+IF(P9=N9,"Cluster 1","Cluster 2") -> Cluster 2
A10: PlastiCorp | B10: 45 | C10: 20 | D10: 68 | E10: 60000 | F10: 350 | G10: 8 | N10: =+SQRT(($H$4-B10)^2+(C10-$I$4)^2+(D10-$J$4)^2+(E10-$K$4)^2+($L$4-F10)^2+(G10-$M$4)^2) -> 560000.04 | O10: =+SQRT(($H$5-B10)^2+(C10-$I$5)^2+(D10-$J$5)^2+(E10-$K$5)^2+($L$5-F10)^2+(G10-$M$5)^2) -> 10000.046 | P10: =+MIN(N10:O10) -> 10000.046 | Q10: =+IF(P10=N10,"Cluster 1","Cluster 2") -> Cluster 2
A11: Componentes Unidos | B11: 58 | C11: 6 | D11: 96 | E11: 540000 | F11: 220 | G11: 2 | N11: =+SQRT(($H$4-B11)^2+(C11-$I$4)^2+(D11-$J$4)^2+(E11-$K$4)^2+($L$4-F11)^2+(G11-$M$4)^2) -> 80000.031 | O11: =+SQRT(($H$5-B11)^2+(C11-$I$5)^2+(D11-$J$5)^2+(E11-$K$5)^2+($L$5-F11)^2+(G11-$M$5)^2) -> 470000.01 | P11: =+MIN(N11:O11) -> 80000.031 | Q11: =+IF(P11=N11,"Cluster 1","Cluster 2") -> Cluster 1
A12: Suministros Norte | B12: 50 | C12: 22 | D12: 65 | E12: 45000 | F12: 400 | G12: 9 | N12: =+SQRT(($H$4-B12)^2+(C12-$I$4)^2+(D12-$J$4)^2+(E12-$K$4)^2+($L$4-F12)^2+(G12-$M$4)^2) -> 575000.06 | O12: =+SQRT(($H$5-B12)^2+(C12-$I$5)^2+(D12-$J$5)^2+(E12-$K$5)^2+($L$5-F12)^2+(G12-$M$5)^2) -> 25000.13 | P12: =+MIN(N12:O12) -> 25000.13 | Q12: =+IF(P12=N12,"Cluster 1","Cluster 2") -> Cluster 2
A13: Insumos Rápidos | B13: 24 | C13: 8 | D13: 88 | E13: 260000 | F13: 480 | G13: 3 | N13: =+SQRT(($H$4-B13)^2+(C13-$I$4)^2+(D13-$J$4)^2+(E13-$K$4)^2+($L$4-F13)^2+(G13-$M$4)^2) -> 360000.15 | O13: =+SQRT(($H$5-B13)^2+(C13-$I$5)^2+(D13-$J$5)^2+(E13-$K$5)^2+($L$5-F13)^2+(G13-$M$5)^2) -> 190000.07 | P13: =+MIN(N13:O13) -> 190000.07 | Q13: =+IF(P13=N13,"Cluster 1","Cluster 2") -> Cluster 2
A14: Industrias Confiables | B14: 65 | C14: 4 | D14: 99 | E14: 700000 | F14: 180 | G14: 1 | N14: =+SQRT(($H$4-B14)^2+(C14-$I$4)^2+(D14-$J$4)^2+(E14-$K$4)^2+($L$4-F14)^2+(G14-$M$4)^2) -> 80000.006 | O14: =+SQRT(($H$5-B14)^2+(C14-$I$5)^2+(D14-$J$5)^2+(E14-$K$5)^2+($L$5-F14)^2+(G14-$M$5)^2) -> 630000.02 | P14: =+MIN(N14:O14) -> 80000.006 | Q14: =+IF(P14=N14,"Cluster 1","Cluster 2") -> Cluster 1
A15: Proveedora Sureña | B15: 40 | C15: 18 | D15: 72 | E15: 80000 | F15: 300 | G15: 7 | N15: =+SQRT(($H$4-B15)^2+(C15-$I$4)^2+(D15-$J$4)^2+(E15-$K$4)^2+($L$4-F15)^2+(G15-$M$4)^2) -> 540000.02 | O15: =+SQRT(($H$5-B15)^2+(C15-$I$5)^2+(D15-$J$5)^2+(E15-$K$5)^2+($L$5-F15)^2+(G15-$M$5)^2) -> 10000.02 | P15: =+MIN(N15:O15) -> 10000.02 | Q15: =+IF(P15=N15,"Cluster 1","Cluster 2") -> Cluster 2
A16: Global Parts Co. | B16: 31 | C16: 11 | D16: 82 | E16: 190000 | F16: 620 | G16: 5 | N16: =+SQRT(($H$4-B16)^2+(C16-$I$4)^2+(D16-$J$4)^2+(E16-$K$4)^2+($L$4-F16)^2+(G16-$M$4)^2) -> 430000.26 | O16: =+SQRT(($H$5-B16)^2+(C16-$I$5)^2+(D16-$J$5)^2+(E16-$K$5)^2+($L$5-F16)^2+(G16-$M$5)^2) -> 120000.38 | P16: =+MIN(N16:O16) -> 120000.38 | Q16: =+IF(P16=N16,"Cluster 1","Cluster 2") -> Cluster 2
A17: MetalTech | B17: 55 | C17: 7 | D17: 95 | E17: 460000 | F17: 260 | G17: 3 | N17: =+SQRT(($H$4-B17)^2+(C17-$I$4)^2+(D17-$J$4)^2+(E17-$K$4)^2+($L$4-F17)^2+(G17-$M$4)^2) -> 160000.04 | O17: =+SQRT(($H$5-B17)^2+(C17-$I$5)^2+(D17-$J$5)^2+(E17-$K$5)^2+($L$5-F17)^2+(G17-$M$5)^2) -> 390000.01 | P17: =+MIN(N17:O17) -> 160000.04 | Q17: =+IF(P17=N17,"Cluster 1","Cluster 2") -> Cluster 1
A18: TransLogistics | B18: 55 | C18: 25 | D18: 60 | E18: 35000 | F18: 450 | G18: 9 | N18: =+SQRT(($H$4-B18)^2+(C18-$I$4)^2+(D18-$J$4)^2+(E18-$K$4)^2+($L$4-F18)^2+(G18-$M$4)^2) -> 585000.08 | O18: =+SQRT(($H$5-B18)^2+(C18-$I$5)^2+(D18-$J$5)^2+(E18-$K$5)^2+($L$5-F18)^2+(G18-$M$5)^2) -> 35000.246 | P18: =+MIN(N18:O18) -> 35000.246 | Q18: =+IF(P18=N18,"Cluster 1","Cluster 2") -> Cluster 2
A19: FastSupply Ltd. | B19: 26 | C19: 9 | D19: 86 | E19: 240000 | F19: 500 | G19: 4 | N19: =+SQRT(($H$4-B19)^2+(C19-$I$4)^2+(D19-$J$4)^2+(E19-$K$4)^2+($L$4-F19)^2+(G19-$M$4)^2) -> 380000.16 | O19: =+SQRT(($H$5-B19)^2+(C19-$I$5)^2+(D19-$J$5)^2+(E19-$K$5)^2+($L$5-F19)^2+(G19-$M$5)^2) -> 170000.1 | P19: =+MIN(N19:O19) -> 170000.1 | Q19: =+IF(P19=N19,"Cluster 1","Cluster 2") -> Cluster 2
... A22: Distribuidora Central | B22: 33 | C22: 12 | D22: 80 | E22: 170000 | F22: 700 | G22: 5 | N22: =+SQRT(($H$4-B22)^2+(C22-$I$4)^2+(D22-$J$4)^2+(E22-$K$4)^2+($L$4-F22)^2+(G22-$M$4)^2) -> 450000.34 | O22: =+SQRT(($H$5-B22)^2+(C22-$I$5)^2+(D22-$J$5)^2+(E22-$K$5)^2+($L$5-F22)^2+(G22-$M$5)^2) -> 100000.72 | P22: =+MIN(N22:O22) -> 100000.72 | Q22: =+IF(P22=N22,"Cluster 1","Cluster 2") -> Cluster 2
A24: EJERCICIO ADICIONAL — Distancia Euclidiana entre dos proveedores (medida de similitud)
A25: Usando los valores NORMALIZADOS (columnas H:M), calcula la distancia euclidiana entre "Acero Andino S.A." y "PlastiCorp". Fórmula: d = RAIZ( Σ (x_i − y_i)^2 ). ¿Qué indica el resultado sobre qué tan parecidos son estos dos proveedores?
A26: Distancia euclidiana (Acero Andino S.A. vs PlastiCorp):
A28: PERFILES DE CLÚSTER Y ESTRATEGIA DE GESTIÓN (referencia)
A29: Clúster | B29: Nombre | C29: Estrategia Recomendada
A30: 1 | B30: Socios Estratégicos | C30: Relación colaborativa de largo plazo, contratos estratégicos, desarrollo conjunto y aseguramiento de disponibilidad.
A31: 2 | B31: Transaccionales / Bajo Costo | C31: Gestión por precio y eficiencia: e-procurement, licitaciones periódicas y mantener varias opciones para negociar.
A32: 3 | B32: Riesgo / Bajo Desempeño | C32: Monitoreo estrecho, plan de mejora de desempeño o salida gradual, y búsqueda activa de proveedores sustitutos.

Sheet Por Resolver (3)
A1: Gestión Avanzada de Proveedores (SRM) — Clustering: Segmentación de Proveedores (K-Means)
A3: Centroide | B3: Nombre del Clúster | C3: Estrategia Recomendada | H3: N_Precio | I3: N_Tiempo | J3: N_Calidad | K3: N_Volumen | L3: N_Distancia | M3: N_Riesgo
A4: Centroide 1 | B4: Socios Estratégicos | C4: Relación colaborativa de largo plazo, contratos estratégicos, desarrollo conjunto y aseguramiento de disponibilidad. | H4: =+AVERAGEIFS('Por Resolver'!B$8:B$22,'Por Resolver'!$Q$8:$Q$22,'Por Resolver'!$Q$8) -> 60 | I4: =+AVERAGEIFS('Por Resolver'!C$8:C$22,'Por Resolver'!$Q$8:$Q$22,'Por Resolver'!$Q$8) -> 5.4 | J4: =+AVERAGEIFS('Por Resolver'!D$8:D$22,'Por Resolver'!$Q$8:$Q$22,'Por Resolver'!$Q$8) -> 97 | K4: =+AVERAGEIFS('Por Resolver'!E$8:E$22,'Por Resolver'!$Q$8:$Q$22,'Por Resolver'!$Q$8) -> 580000 | L4: =+AVERAGEIFS('Por Resolver'!F$8:F$22,'Por Resolver'!$Q$8:$Q$22,'Por Resolver'!$Q$8) -> 200 | M4: =+AVERAGEIFS('Por Resolver'!G$8:G$22,'Por Resolver'!$Q$8:$Q$22,'Por Resolver'!$Q$8) -> 2
A5: Centroide 2 | B5: Transaccionales / Bajo Costo | C5: Gestión por precio y eficiencia: e-procurement, licitaciones periódicas y mantener varias opciones para negociar. | H5: =+AVERAGEIFS('Por Resolver'!B$8:B$22,'Por Resolver'!$Q$8:$Q$22,'Por Resolver'!$Q$9) -> 37.4 | I5: =+AVERAGEIFS('Por Resolver'!C$8:C$22,'Por Resolver'!$Q$8:$Q$22,'Por Resolver'!$Q$9) -> 15.4 | J5: =+AVERAGEIFS('Por Resolver'!D$8:D$22,'Por Resolver'!$Q$8:$Q$22,'Por Resolver'!$Q$9) -> 75.6 | K5: =+AVERAGEIFS('Por Resolver'!E$8:E$22,'Por Resolver'!$Q$8:$Q$22,'Por Resolver'!$Q$9) -> 137000 | L5: =+AVERAGEIFS('Por Resolver'!F$8:F$22,'Por Resolver'!$Q$8:$Q$22,'Por Resolver'!$Q$9) -> 467 | M5: =+AVERAGEIFS('Por Resolver'!G$8:G$22,'Por Resolver'!$Q$8:$Q$22,'Por Resolver'!$Q$9) -> 6.1
A7: Proveedor | B7: Precio Prom. ($/u) | C7: Tiempo de Entrega (días) | D7: Nivel de Calidad (%) | E7: Volumen de Compra Anual ($) | F7: Distancia al CD (km) | G7: Riesgo Financiero (1-10) | H7: N_Precio | I7: N_Tiempo | J7: N_Calidad | K7: N_Volumen | L7: N_Distancia | M7: N_Riesgo | N7: Dist. a Centroide 1 | O7: Dist. a Centroide 2 | P7: Clúster Asignado | Q7: Nombre del Clúster | R7: Comp.
A8: Acero Andino S.A. | B8: 62 | C8: 5 | D8: 97 | E8: 620000 | F8: 150 | G8: 2 | N8: =+SQRT(($H$4-B8)^2+(C8-$I$4)^2+(D8-$J$4)^2+(E8-$K$4)^2+($L$4-F8)^2+(G8-$M$4)^2) -> 40000.031 | O8: =+SQRT(($H$5-B8)^2+(C8-$I$5)^2+(D8-$J$5)^2+(E8-$K$5)^2+($L$5-F8)^2+(G8-$M$5)^2) -> 483000.11 | P8: =+MIN(N8:O8) -> 40000.031 | Q8: =+IF(P8=N8,"Cluster 1","Cluster 2") -> Cluster 1 | R8: =+'Por Resolver'!Q8 -> Cluster 1 | S8: =+Q8=R8 -> TRUE
A9: Textiles del Valle | B9: 28 | C9: 10 | D9: 85 | E9: 220000 | F9: 550 | G9: 4 | N9: =+SQRT(($H$4-B9)^2+(C9-$I$4)^2+(D9-$J$4)^2+(E9-$K$4)^2+($L$4-F9)^2+(G9-$M$4)^2) -> 360000.17 | O9: =+SQRT(($H$5-B9)^2+(C9-$I$5)^2+(D9-$J$5)^2+(E9-$K$5)^2+($L$5-F9)^2+(G9-$M$5)^2) -> 83000.043 | P9: =+MIN(N9:O9) -> 83000.043 | Q9: =+IF(P9=N9,"Cluster 1","Cluster 2") -> Cluster 2 | R9: =+'Por Resolver'!Q9 -> Cluster 2 | S9: =+Q9=R9 -> TRUE
A10: PlastiCorp | B10: 45 | C10: 20 | D10: 68 | E10: 60000 | F10: 350 | G10: 8 | N10: =+SQRT(($H$4-B10)^2+(C10-$I$4)^2+(D10-$J$4)^2+(E10-$K$4)^2+($L$4-F10)^2+(G10-$M$4)^2) -> 520000.02 | O10: =+SQRT(($H$5-B10)^2+(C10-$I$5)^2+(D10-$J$5)^2+(E10-$K$5)^2+($L$5-F10)^2+(G10-$M$5)^2) -> 77000.09 | P10: =+MIN(N10:O10) -> 77000.09 | Q10: =+IF(P10=N10,"Cluster 1","Cluster 2") -> Cluster 2 | R10: =+'Por Resolver'!Q10 -> Cluster 2 | S10: =+Q10=R10 -> TRUE
A11: Componentes Unidos | B11: 58 | C11: 6 | D11: 96 | E11: 540000 | F11: 220 | G11: 2 | N11: =+SQRT(($H$4-B11)^2+(C11-$I$4)^2+(D11-$J$4)^2+(E11-$K$4)^2+($L$4-F11)^2+(G11-$M$4)^2) -> 40000.005 | O11: =+SQRT(($H$5-B11)^2+(C11-$I$5)^2+(D11-$J$5)^2+(E11-$K$5)^2+($L$5-F11)^2+(G11-$M$5)^2) -> 403000.08 | P11: =+MIN(N11:O11) -> 40000.005 | Q11: =+IF(P11=N11,"Cluster 1","Cluster 2") -> Cluster 1 | R11: =+'Por Resolver'!Q11 -> Cluster 1 | S11: =+Q11=R11 -> TRUE
A12: Suministros Norte | B12: 50 | C12: 22 | D12: 65 | E12: 45000 | F12: 400 | G12: 9 | N12: =+SQRT(($H$4-B12)^2+(C12-$I$4)^2+(D12-$J$4)^2+(E12-$K$4)^2+($L$4-F12)^2+(G12-$M$4)^2) -> 535000.04 | O12: =+SQRT(($H$5-B12)^2+(C12-$I$5)^2+(D12-$J$5)^2+(E12-$K$5)^2+($L$5-F12)^2+(G12-$M$5)^2) -> 92000.026 | P12: =+MIN(N12:O12) -> 92000.026 | Q12: =+IF(P12=N12,"Cluster 1","Cluster 2") -> Cluster 2 | R12: =+'Por Resolver'!Q12 -> Cluster 2 | S12: =+Q12=R12 -> TRUE
A13: Insumos Rápidos | B13: 24 | C13: 8 | D13: 88 | E13: 260000 | F13: 480 | G13: 3 | N13: =+SQRT(($H$4-B13)^2+(C13-$I$4)^2+(D13-$J$4)^2+(E13-$K$4)^2+($L$4-F13)^2+(G13-$M$4)^2) -> 320000.12 | O13: =+SQRT(($H$5-B13)^2+(C13-$I$5)^2+(D13-$J$5)^2+(E13-$K$5)^2+($L$5-F13)^2+(G13-$M$5)^2) -> 123000 | P13: =+MIN(N13:O13) -> 123000 | Q13: =+IF(P13=N13,"Cluster 1","Cluster 2") -> Cluster 2 | R13: =+'Por Resolver'!Q13 -> Cluster 2 | S13: =+Q13=R13 -> TRUE
A14: Industrias Confiables | B14: 65 | C14: 4 | D14: 99 | E14: 700000 | F14: 180 | G14: 1 | N14: =+SQRT(($H$4-B14)^2+(C14-$I$4)^2+(D14-$J$4)^2+(E14-$K$4)^2+($L$4-F14)^2+(G14-$M$4)^2) -> 120000 | O14: =+SQRT(($H$5-B14)^2+(C14-$I$5)^2+(D14-$J$5)^2+(E14-$K$5)^2+($L$5-F14)^2+(G14-$M$5)^2) -> 563000.07 | P14: =+MIN(N14:O14) -> 120000 | Q14: =+IF(P14=N14,"Cluster 1","Cluster 2") -> Cluster 1 | R14: =+'Por Resolver'!Q14 -> Cluster 1 | S14: =+Q14=R14 -> TRUE
A15: Proveedora Sureña | B15: 40 | C15: 18 | D15: 72 | E15: 80000 | F15: 300 | G15: 7 | N15: =+SQRT(($H$4-B15)^2+(C15-$I$4)^2+(D15-$J$4)^2+(E15-$K$4)^2+($L$4-F15)^2+(G15-$M$4)^2) -> 500000.01 | O15: =+SQRT(($H$5-B15)^2+(C15-$I$5)^2+(D15-$J$5)^2+(E15-$K$5)^2+($L$5-F15)^2+(G15-$M$5)^2) -> 57000.245 | P15: =+MIN(N15:O15) -> 57000.245 | Q15: =+IF(P15=N15,"Cluster 1","Cluster 2") -> Cluster 2 | R15: =+'Por Resolver'!Q15 -> Cluster 2 | S15: =+Q15=R15 -> TRUE
A16: Global Parts Co. | B16: 31 | C16: 11 | D16: 82 | E16: 190000 | F16: 620 | G16: 5 | N16: =+SQRT(($H$4-B16)^2+(C16-$I$4)^2+(D16-$J$4)^2+(E16-$K$4)^2+($L$4-F16)^2+(G16-$M$4)^2) -> 390000.23 | O16: =+SQRT(($H$5-B16)^2+(C16-$I$5)^2+(D16-$J$5)^2+(E16-$K$5)^2+($L$5-F16)^2+(G16-$M$5)^2) -> 53000.222 | P16: =+MIN(N16:O16) -> 53000.222 | Q16: =+IF(P16=N16,"Cluster 1","Cluster 2") -> Cluster 2 | R16: =+'Por Resolver'!Q16 -> Cluster 2 | S16: =+Q16=R16 -> TRUE
A17: MetalTech | B17: 55 | C17: 7 | D17: 95 | E17: 460000 | F17: 260 | G17: 3 | N17: =+SQRT(($H$4-B17)^2+(C17-$I$4)^2+(D17-$J$4)^2+(E17-$K$4)^2+($L$4-F17)^2+(G17-$M$4)^2) -> 120000.02 | O17: =+SQRT(($H$5-B17)^2+(C17-$I$5)^2+(D17-$J$5)^2+(E17-$K$5)^2+($L$5-F17)^2+(G17-$M$5)^2) -> 323000.07 | P17: =+MIN(N17:O17) -> 120000.02 | Q17: =+IF(P17=N17,"Cluster 1","Cluster 2") -> Cluster 1 | R17: =+'Por Resolver'!Q17 -> Cluster 1 | S17: =+Q17=R17 -> TRUE
A18: TransLogistics | B18: 55 | C18: 25 | D18: 60 | E18: 35000 | F18: 450 | G18: 9 | N18: =+SQRT(($H$4-B18)^2+(C18-$I$4)^2+(D18-$J$4)^2+(E18-$K$4)^2+($L$4-F18)^2+(G18-$M$4)^2) -> 545000.06 | O18: =+SQRT(($H$5-B18)^2+(C18-$I$5)^2+(D18-$J$5)^2+(E18-$K$5)^2+($L$5-F18)^2+(G18-$M$5)^2) -> 102000 | P18: =+MIN(N18:O18) -> 102000 | Q18: =+IF(P18=N18,"Cluster 1","Cluster 2") -> Cluster 2 | R18: =+'Por Resolver'!Q18 -> Cluster 2 | S18: =+Q18=R18 -> TRUE
A19: FastSupply Ltd. | B19: 26 | C19: 9 | D19: 86 | E19: 240000 | F19: 500 | G19: 4 | N19: =+SQRT(($H$4-B19)^2+(C19-$I$4)^2+(D19-$J$4)^2+(E19-$K$4)^2+($L$4-F19)^2+(G19-$M$4)^2) -> 340000.13 | O19: =+SQRT(($H$5-B19)^2+(C19-$I$5)^2+(D19-$J$5)^2+(E19-$K$5)^2+($L$5-F19)^2+(G19-$M$5)^2) -> 103000.01 | P19: =+MIN(N19:O19) -> 103000.01 | Q19: =+IF(P19=N19,"Cluster 1","Cluster 2") -> Cluster 2 | R19: =+'Por Resolver'!Q19 -> Cluster 2 | S19: =+Q19=R19 -> TRUE
... A22: Distribuidora Central | B22: 33 | C22: 12 | D22: 80 | E22: 170000 | F22: 700 | G22: 5 | N22: =+SQRT(($H$4-B22)^2+(C22-$I$4)^2+(D22-$J$4)^2+(E22-$K$4)^2+($L$4-F22)^2+(G22-$M$4)^2) -> 410000.31 | O22: =+SQRT(($H$5-B22)^2+(C22-$I$5)^2+(D22-$J$5)^2+(E22-$K$5)^2+($L$5-F22)^2+(G22-$M$5)^2) -> 33000.823 | P22: =+MIN(N22:O22) -> 33000.823 | Q22: =+IF(P22=N22,"Cluster 1","Cluster 2") -> Cluster 2 | R22: =+'Por Resolver'!Q22 -> Cluster 2 | S22: =+Q22=R22 -> TRUE
A24: EJERCICIO ADICIONAL — Distancia Euclidiana entre dos proveedores (medida de similitud)
A25: Usando los valores NORMALIZADOS (columnas H:M), calcula la distancia euclidiana entre "Acero Andino S.A." y "PlastiCorp". Fórmula: d = RAIZ( Σ (x_i − y_i)^2 ). ¿Qué indica el resultado sobre qué tan parecidos son estos dos proveedores?
A26: Distancia euclidiana (Acero Andino S.A. vs PlastiCorp):
A28: PERFILES DE CLÚSTER Y ESTRATEGIA DE GESTIÓN (referencia)
A29: Clúster | B29: Nombre | C29: Estrategia Recomendada
A30: 1 | B30: Socios Estratégicos | C30: Relación colaborativa de largo plazo, contratos estratégicos, desarrollo conjunto y aseguramiento de disponibilidad.
A31: 2 | B31: Transaccionales / Bajo Costo | C31: Gestión por precio y eficiencia: e-procurement, licitaciones periódicas y mantener varias opciones para negociar.
A32: 3 | B32: Riesgo / Bajo Desempeño | C32: Monitoreo estrecho, plan de mejora de desempeño o salida gradual, y búsqueda activa de proveedores sustitutos.

Sheet Por Resolver (2)
A1: Gestión Avanzada de Proveedores (SRM) — Clustering: Segmentación de Proveedores (K-Means)
A3: Centroide | B3: Nombre del Clúster | C3: Estrategia Recomendada | H3: N_Precio | I3: N_Tiempo | J3: N_Calidad | K3: N_Volumen | L3: N_Distancia | M3: N_Riesgo | N3: Dist. a Centroide 1 | O3: Dist. a Centroide 2 | P3: Dist. a Centroide 3 | Q3: Clúster Asignado
A4: Centroide 1 | B4: Socios Estratégicos | C4: Relación colaborativa de largo plazo, contratos estratégicos, desarrollo conjunto y aseguramiento de disponibilidad.
A5: Centroide 2 | B5: Transaccionales / Bajo Costo | C5: Gestión por precio y eficiencia: e-procurement, licitaciones periódicas y mantener varias opciones para negociar.
A7: Proveedor | B7: Precio Prom. ($/u) | C7: Tiempo de Entrega (días) | D7: Nivel de Calidad (%) | E7: Volumen de Compra Anual ($) | F7: Distancia al CD (km) | G7: Riesgo Financiero (1-10) | H7: N_Precio | I7: N_Tiempo | J7: N_Calidad | K7: N_Volumen | L7: N_Distancia | M7: N_Riesgo | N7: Dist. a Centroide 1 | O7: Dist. a Centroide 2 | P7: Dist. a Centroide 3 | Q7: Clúster Asignado | R7: Nombre del Clúster | S7: Estrategia Recomendada
A8: Acero Andino S.A. | B8: 62 | C8: 5 | D8: 97 | E8: 620000 | F8: 150 | G8: 2
A9: Textiles del Valle | B9: 28 | C9: 10 | D9: 85 | E9: 220000 | F9: 550 | G9: 4
A10: PlastiCorp | B10: 45 | C10: 20 | D10: 68 | E10: 60000 | F10: 350 | G10: 8
A11: Componentes Unidos | B11: 58 | C11: 6 | D11: 96 | E11: 540000 | F11: 220 | G11: 2
A12: Suministros Norte | B12: 50 | C12: 22 | D12: 65 | E12: 45000 | F12: 400 | G12: 9
A13: Insumos Rápidos | B13: 24 | C13: 8 | D13: 88 | E13: 260000 | F13: 480 | G13: 3
A14: Industrias Confiables | B14: 65 | C14: 4 | D14: 99 | E14: 700000 | F14: 180 | G14: 1
A15: Proveedora Sureña | B15: 40 | C15: 18 | D15: 72 | E15: 80000 | F15: 300 | G15: 7
A16: Global Parts Co. | B16: 31 | C16: 11 | D16: 82 | E16: 190000 | F16: 620 | G16: 5
A17: MetalTech | B17: 55 | C17: 7 | D17: 95 | E17: 460000 | F17: 260 | G17: 3
A18: TransLogistics | B18: 55 | C18: 25 | D18: 60 | E18: 35000 | F18: 450 | G18: 9
A19: FastSupply Ltd. | B19: 26 | C19: 9 | D19: 86 | E19: 240000 | F19: 500 | G19: 4
... A22: Distribuidora Central | B22: 33 | C22: 12 | D22: 80 | E22: 170000 | F22: 700 | G22: 5
A24: EJERCICIO ADICIONAL — Distancia Euclidiana entre dos proveedores (medida de similitud)
A25: Usando los valores NORMALIZADOS (columnas H:M), calcula la distancia euclidiana entre "Acero Andino S.A." y "PlastiCorp". Fórmula: d = RAIZ( Σ (x_i − y_i)^2 ). ¿Qué indica el resultado sobre qué tan parecidos son estos dos proveedores?
A26: Distancia euclidiana (Acero Andino S.A. vs PlastiCorp):
A28: PERFILES DE CLÚSTER Y ESTRATEGIA DE GESTIÓN (referencia)
A29: Clúster | B29: Nombre | C29: Estrategia Recomendada
A30: 1 | B30: Socios Estratégicos | C30: Relación colaborativa de largo plazo, contratos estratégicos, desarrollo conjunto y aseguramiento de disponibilidad.
A31: 2 | B31: Transaccionales / Bajo Costo | C31: Gestión por precio y eficiencia: e-procurement, licitaciones periódicas y mantener varias opciones para negociar.
A32: 3 | B32: Riesgo / Bajo Desempeño | C32: Monitoreo estrecho, plan de mejora de desempeño o salida gradual, y búsqueda activa de proveedores sustitutos.
